id,title,author,contents,date
1721192747,"Data Engineering","Larry Mayers","Constant PHP & Python development is VITAL!",07/17/2024
1721192817,"Web Development","Larry Mayers","The most dominant profession is the full stack web developer.",07/17/2024
1721363335,"Cyber Hygiene","Larry Mayers"," Cyber hygiene means adopting a security-centric mindset and habits that help individuals and organizations mitigate potential online breaches.",07/19/2024
1721363642,Testing,"Larry Mayers","Testing Testing 123",07/19/2024
1721364275,"Marriage & Money","Larry Mayers","You shouldn't have one without the other.",07/19/2024
1721602494,"Python Web Development","Larry Mayers","Python offers a variety of web development frameworks. Many developers choose Python because of its robust and extensive libraries, simple-to-learn syntax and portability for machine learning. If you wish to work as a web developer , it may be beneficial to learn how to use Python for web development.",07/22/2024
1721932078,"Data Engineering","Larry Mayers","Data is the new OIL!!!",07/25/2024
1721932439,"Data Engineering","Larry Mayers","Data analysis is vital to any organization.",07/25/2024
1721933221,"Data Engineering","Larry Mayers","Big Data & Data analysis is an essential skill in the modern IT workforce.",07/25/2024
1721933365,"Cyber Security Training","Larry Mayers","IT & Cyber Security training & awareness is no longer limited to a handful of staff.",07/25/2024
1721967920,"Data Engineering","Larry Mayers","Plotting time-series data requires the use of Pandas, Jupyter Notebooks along with the Mathplot Python library.",07/26/2024
1721968058,"Database Management","Larry Mayers","Sys Admins MUST have a thorough understanding of databases & the procedures associated with storing & retrieving information.",07/26/2024
1721968179,"PHP Development","Larry Mayers","PHP MVC development projects offer invaluable experience in your journey to becoming an expert in the field of web development.",07/26/2024
1721968363,"Side Hustle","Larry Mayers","Passive Income is another means of staying confused on winning as an adult in a modern society.",07/26/2024
1747111552,"AI Engineering","Larry Mayers","AI development is the future.",05/13/2025
1747193399,"The Art of Finishing","Larry Mayers","Starting any project is easy; finishing the job is HARD!!!!",05/14/2025
1747194599,"The	Day	After	Perfect","Larry Mayers","What do we do when all the espresso is gone?",05/14/2025
1747194809,"LLM Reasoning & Model Inference","Larry Mayers","Improving the reasoning abilities of large language models (LLMs) has become one of the hottest topics in 2025, and for good reason. Stronger reasoning skills allow LLMs to tackle more complex problems, making them more capable across a wide range of tasks users care about.",05/14/2025
1747195891,"Data Engineering Grit","Larry Mayers","Persistence is more valuable than GOLD!!!!",05/14/2025
1747196195,"Building Your Career in AI","Larry Mayers","This practical approach addresses what employers actually need from AI professionals.",05/14/2025
1747196334,"AI Coding Expertise","Larry Mayers","Building production-ready AI systems requires implementation expertise that goes far beyond understanding concepts or calling APIs. Specialized AI coding communities accelerate skill development by providing access to collective implementation experience, best practices, and collaborative problem-solving.",05/14/2025
1747197221,"Git Dawg Demon","Larry Mayers","Without version control; what am I even??!?",05/14/2025
1747197463,"Engineer Problems","Larry Mayers","No test is perfect. Things can and do go wrong. However, with the right tools, you can detect issues early and adjust to save precious time and resources.  This is where AI comes in. By leveraging machine learning techniques, engineers can identify and rectify end-to-end testing errors sooner, helping them optimise their testing processes.",05/14/2025
1747198271,"Running on AWS Lambda","Larry Mayers","The catch is that they lost some model accuracy, at least for the ResNet-9 they tested on. And this is with layer-by-layer approximation of a pretrained model and subsequent finetuning, not just with post-training quantization.",05/14/2025
1747198928,"Testing UI Headlessly","Larry Mayers","Selenium & Chrome driver are way better than you think!",05/14/2025
